{"cameraMode":{"drawMode":0,"name":"Shaded","section":"Shading Mode"},"sceneLighting":true,"audioPlay":false,"sceneViewState":{"showFog":true,"showMaterialUpdate":false,"showSkybox":true,"showFlares":true,"showImageEffects":true,"showParticleSystems":true,"showVisualEffectGraphs":true,"m_FxEnabled":true},"in2DMode":false,"pivot":{"x":-0.07242020964622498,"y":1.2408241033554078,"z":1.3949499130249024},"rotation":{"x":-0.10212750732898712,"y":-0.009850168600678444,"z":0.0010109901195392013,"w":-0.9947301149368286},"size":4.360183238983154,"orthographic":false}